order_id,customer_id,product_sku,quantity,unit_price,revenue_usd,currency,status,region,created_at
ORD-100000,CUST-00229,SKU-0006,4,102.81,411.24,USD,paid,,2026-03-08T06:55:00Z
ORD-100001,CUST-00225,SKU-0010,3,51.21,153.63,USD,pending,,2026-01-20T09:30:00Z
ORD-100002,CUST-00147,SKU-0023,3,477.99,1433.97,USD,paid,EMEA,2026-03-29T03:47:00Z
ORD-100003,CUST-00222,SKU-0008,3,499.28,1497.84,USD,pending,,2026-03-06T10:56:00Z
ORD-100004,CUST-00125,SKU-0034,3,10.72,32.16,USD,refunded,,2026-03-24T11:04:00Z
ORD-100005,CUST-00200,SKU-0022,1,473.45,473.45,USD,paid,,2026-02-06T05:37:00Z
ORD-100006,CUST-00331,SKU-0012,10,308.35,3083.50,USD,refunded,,2026-02-11T18:50:00Z
ORD-100007,CUST-00235,SKU-0016,5,80.71,403.55,USD,paid,,2026-04-19T08:41:00Z
ORD-100008,CUST-00154,SKU-0040,7,352.89,2470.23,USD,paid,APAC,2026-03-11T00:08:00Z
ORD-100009,CUST-00270,SKU-0023,3,488.33,1464.99,USD,paid,AMER,2026-04-21T02:39:00Z
ORD-100010,CUST-00179,SKU-0033,11,144.47,1589.17,USD,refunded,,2026-02-01T08:46:00Z
ORD-100011,CUST-00143,SKU-0012,10,452.46,4524.60,USD,paid,,2026-02-20T07:02:00Z
ORD-100012,CUST-00306,SKU-0036,9,287.38,2586.42,USD,paid,AMER,2026-02-22T10:33:00Z
ORD-100013,CUST-00088,SKU-0020,12,188.38,2260.56,USD,paid,,2026-03-19T11:55:00Z
ORD-100014,CUST-00186,SKU-0025,1,73.52,73.52,USD,paid,,2026-01-23T09:19:00Z
ORD-100015,CUST-00329,SKU-0020,6,290.02,1740.12,USD,paid,AMER,2026-04-08T17:46:00Z
ORD-100016,CUST-00128,SKU-0036,10,359.78,3597.80,USD,pending,,2026-04-07T09:56:00Z
ORD-100017,CUST-00442,SKU-0007,6,470.90,2825.40,USD,paid,AMER,2026-02-19T02:01:00Z
ORD-100018,CUST-00243,SKU-0007,11,279.00,3069.00,USD,paid,AMER,2026-02-15T16:37:00Z
ORD-100019,CUST-00315,SKU-0034,11,118.10,1299.10,USD,paid,,2026-01-28T04:16:00Z
ORD-100020,CUST-00147,SKU-0002,6,135.36,812.16,USD,paid,,2026-03-13T14:46:00Z
ORD-100021,CUST-00213,SKU-0037,11,171.08,1881.88,USD,refunded,APAC,2026-02-09T12:13:00Z
ORD-100022,CUST-00089,SKU-0014,11,353.76,3891.36,USD,paid,APAC,2026-01-29T05:38:00Z
ORD-100023,CUST-00286,SKU-0002,8,93.01,744.08,USD,paid,,2026-02-06T18:52:00Z
ORD-100024,CUST-00398,SKU-0026,11,17.11,188.21,USD,paid,AMER,2026-01-20T08:07:00Z
ORD-100025,CUST-00279,SKU-0030,5,247.00,1235.00,USD,refunded,AMER,2026-02-14T00:00:00Z
ORD-100026,CUST-00334,SKU-0028,2,256.96,513.92,USD,paid,AMER,2026-02-16T01:17:00Z
ORD-100027,CUST-00068,SKU-0011,7,356.94,2498.58,USD,paid,APAC,2026-01-16T03:28:00Z
ORD-100028,CUST-00329,SKU-0038,6,472.04,2832.24,USD,paid,,2026-01-04T06:43:00Z
ORD-100029,CUST-00102,SKU-0007,6,180.86,1085.16,USD,paid,AMER,2026-03-04T05:40:00Z
ORD-100030,CUST-00128,SKU-0018,3,464.86,1394.58,USD,pending,AMER,2026-04-08T07:17:00Z
ORD-100031,CUST-00192,SKU-0032,7,334.12,2338.84,USD,paid,AMER,2026-03-13T14:32:00Z
ORD-100032,CUST-00283,SKU-0012,3,29.63,88.89,USD,pending,,2026-02-02T06:30:00Z
ORD-100033,CUST-00290,SKU-0039,1,346.91,346.91,USD,pending,AMER,2026-04-30T11:32:00Z
ORD-100034,CUST-00081,SKU-0029,9,141.07,1269.63,USD,paid,APAC,2026-01-24T13:31:00Z
ORD-100035,CUST-00168,SKU-0011,2,115.11,230.22,USD,paid,EMEA,2026-03-21T06:12:00Z
ORD-100036,CUST-00323,SKU-0019,1,436.14,436.14,USD,refunded,APAC,2026-02-11T01:07:00Z
ORD-100037,CUST-00104,SKU-0013,5,369.34,1846.70,USD,paid,,2026-03-19T03:18:00Z
ORD-100038,CUST-00449,SKU-0037,5,309.68,1548.40,USD,paid,AMER,2026-02-21T06:02:00Z
ORD-100039,CUST-00312,SKU-0017,11,37.07,407.77,USD,paid,,2026-03-31T22:08:00Z
ORD-100040,CUST-00255,SKU-0016,12,68.01,816.12,USD,paid,,2026-01-02T04:29:00Z
ORD-100041,CUST-00280,SKU-0028,6,322.86,1937.16,USD,paid,,2026-04-28T23:54:00Z
ORD-100042,CUST-00364,SKU-0025,2,57.96,115.92,USD,paid,,2026-02-04T12:20:00Z
ORD-100043,CUST-00059,SKU-0022,9,367.90,3311.10,USD,paid,EMEA,2026-01-26T21:01:00Z
ORD-100044,CUST-00288,SKU-0039,6,252.88,1517.28,USD,paid,,2026-04-22T02:00:00Z
ORD-100045,CUST-00273,SKU-0008,11,409.54,4504.94,USD,paid,,2026-04-03T17:30:00Z
ORD-100046,CUST-00168,SKU-0029,10,474.73,4747.30,USD,cancelled,,2026-04-28T18:56:00Z
ORD-100047,CUST-00207,SKU-0003,8,153.04,1224.32,USD,pending,,2026-02-18T03:08:00Z
ORD-100048,CUST-00315,SKU-0005,11,436.23,4798.53,USD,paid,EMEA,2026-03-23T10:11:00Z
ORD-100049,CUST-00377,SKU-0010,8,174.66,1397.28,USD,paid,LATAM,2026-03-26T06:05:00Z
ORD-100050,CUST-00395,SKU-0038,3,376.59,1129.77,USD,paid,AMER,2026-01-03T02:38:00Z
ORD-100051,CUST-00060,SKU-0020,5,423.42,2117.10,USD,refunded,APAC,2026-04-30T10:43:00Z
ORD-100052,CUST-00409,SKU-0019,1,358.83,358.83,USD,refunded,EMEA,2026-03-31T06:14:00Z
ORD-100053,CUST-00184,SKU-0038,6,326.24,1957.44,USD,paid,,2026-01-30T01:06:00Z
ORD-100054,CUST-00071,SKU-0009,2,189.59,379.18,USD,paid,AMER,2026-03-26T16:49:00Z
ORD-100055,CUST-00211,SKU-0032,1,18.08,18.08,USD,pending,,2026-02-08T23:20:00Z
ORD-100056,CUST-00015,SKU-0029,1,432.84,432.84,USD,paid,AMER,2026-03-11T02:12:00Z
ORD-100057,CUST-00372,SKU-0015,4,179.52,718.08,USD,paid,,2026-03-30T21:29:00Z
ORD-100058,CUST-00286,SKU-0006,7,155.04,1085.28,EUR,paid,AMER,2026-02-08T07:21:00Z
ORD-100059,CUST-00150,SKU-0029,9,363.02,3267.18,USD,refunded,,2026-03-22T12:03:00Z
ORD-100060,CUST-00066,SKU-0023,2,428.81,857.62,USD,paid,EMEA,2026-01-24T10:42:00Z
ORD-100061,CUST-00418,SKU-0016,3,413.28,1239.84,USD,paid,,2026-02-06T08:38:00Z
ORD-100062,CUST-00412,SKU-0025,12,37.88,454.56,USD,paid,AMER,2026-01-22T14:05:00Z
ORD-100063,CUST-00433,SKU-0028,6,422.06,2532.36,USD,paid,APAC,2026-04-02T21:23:00Z
ORD-100064,CUST-00124,SKU-0023,7,469.22,3284.54,USD,paid,EMEA,2026-02-23T13:17:00Z
ORD-100065,CUST-00366,SKU-0001,2,70.06,140.12,USD,paid,,2026-04-20T11:19:00Z
ORD-100066,CUST-00131,SKU-0014,8,347.23,2777.84,USD,paid,AMER,2026-01-06T20:26:00Z
ORD-100067,CUST-00413,SKU-0027,1,108.01,108.01,USD,paid,AMER,2026-01-17T14:52:00Z
ORD-100068,CUST-00287,SKU-0002,12,452.97,5435.64,USD,paid,,2026-03-26T07:55:00Z
ORD-100069,CUST-00162,SKU-0010,11,483.49,5318.39,USD,paid,AMER,2026-04-25T15:58:00Z
ORD-100070,CUST-00149,SKU-0027,6,461.60,2769.60,USD,pending,AMER,2026-01-11T11:25:00Z
ORD-100071,CUST-00344,SKU-0015,10,86.81,868.10,USD,paid,EMEA,2026-02-02T04:38:00Z
ORD-100072,CUST-00401,SKU-0004,6,101.45,608.70,USD,paid,EMEA,2026-04-21T09:14:00Z
ORD-100073,CUST-00145,SKU-0040,10,327.11,3271.10,USD,paid,,2026-02-19T13:01:00Z
ORD-100074,CUST-00027,SKU-0017,8,89.13,713.04,USD,refunded,AMER,2026-02-01T14:44:00Z
ORD-100075,CUST-00112,SKU-0013,10,99.17,991.70,USD,paid,EMEA,2026-04-10T03:03:00Z
ORD-100076,CUST-00033,SKU-0003,5,120.67,603.35,USD,paid,APAC,2026-02-13T14:52:00Z
ORD-100077,CUST-00243,SKU-0040,12,292.50,3510.00,USD,paid,,2026-03-01T14:08:00Z
ORD-100078,CUST-00422,SKU-0001,3,315.52,946.56,USD,paid,,2026-01-29T11:19:00Z
ORD-100079,CUST-00297,SKU-0015,11,216.54,2381.94,USD,paid,AMER,2026-01-24T09:27:00Z
ORD-100080,CUST-00327,SKU-0015,11,350.24,3852.64,USD,paid,EMEA,2026-02-23T09:06:00Z
ORD-100081,CUST-00147,SKU-0039,2,357.76,715.52,USD,paid,APAC,2026-03-19T21:56:00Z
ORD-100082,CUST-00197,SKU-0018,6,109.44,656.64,EUR,paid,AMER,2026-03-23T02:59:00Z
ORD-100083,CUST-00172,SKU-0030,7,215.84,1510.88,USD,paid,,2026-03-02T12:58:00Z
ORD-100084,CUST-00028,SKU-0039,11,159.70,1756.70,USD,paid,EMEA,2026-03-31T09:56:00Z
ORD-100085,CUST-00180,SKU-0009,11,425.42,4679.62,USD,refunded,APAC,2026-04-05T19:18:00Z
ORD-100086,CUST-00221,SKU-0026,12,193.76,2325.12,USD,paid,APAC,2026-01-18T11:14:00Z
ORD-100087,CUST-00380,SKU-0020,4,492.57,1970.28,USD,paid,AMER,2026-04-17T17:03:00Z
ORD-100088,CUST-00386,SKU-0036,12,371.32,4455.84,USD,paid,,2026-03-23T17:41:00Z
ORD-100089,CUST-00327,SKU-0021,4,391.29,1565.16,USD,paid,,2026-02-14T14:31:00Z
ORD-100090,CUST-00266,SKU-0015,12,238.49,2861.88,USD,refunded,AMER,2026-01-27T13:23:00Z
ORD-100091,CUST-00350,SKU-0025,9,326.85,2941.65,EUR,paid,LATAM,2026-01-08T17:21:00Z
ORD-100092,CUST-00323,SKU-0021,7,172.01,1204.07,USD,paid,,2026-02-04T13:52:00Z
ORD-100093,CUST-00197,SKU-0040,7,129.47,906.29,USD,cancelled,,2026-04-15T08:51:00Z
ORD-100094,CUST-00326,SKU-0030,8,255.38,2043.04,EUR,paid,EMEA,2026-01-28T17:51:00Z
ORD-100095,CUST-00134,SKU-0029,3,126.13,378.39,USD,paid,AMER,2026-01-14T21:57:00Z
ORD-100096,CUST-00125,SKU-0028,4,121.18,484.72,USD,paid,,2026-03-30T04:52:00Z
ORD-100097,CUST-00038,SKU-0007,12,417.38,5008.56,USD,refunded,,2026-02-09T07:41:00Z
ORD-100098,CUST-00385,SKU-0035,1,417.32,417.32,USD,paid,,2026-02-25T08:38:00Z
ORD-100099,CUST-00416,SKU-0033,4,84.87,339.48,USD,cancelled,APAC,2026-01-31T19:51:00Z
ORD-100100,CUST-00170,SKU-0011,4,10.98,43.92,USD,paid,AMER,2026-02-26T00:41:00Z
ORD-100101,CUST-00374,SKU-0023,5,217.01,1085.05,USD,paid,AMER,2026-03-25T19:30:00Z
ORD-100102,CUST-00427,SKU-0017,12,196.75,2361.00,USD,paid,,2026-04-24T10:05:00Z
ORD-100103,CUST-00384,SKU-0035,8,370.75,2966.00,USD,paid,,2026-03-17T21:30:00Z
ORD-100104,CUST-00095,SKU-0039,4,375.71,1502.84,USD,paid,AMER,2026-04-30T14:15:00Z
ORD-100105,CUST-00450,SKU-0036,1,67.55,67.55,USD,pending,APAC,2026-04-04T11:03:00Z
ORD-100106,CUST-00152,SKU-0023,8,73.19,585.52,EUR,paid,,2026-03-07T09:38:00Z
ORD-100107,CUST-00025,SKU-0019,11,106.79,1174.69,USD,paid,APAC,2026-01-28T17:28:00Z
ORD-100108,CUST-00357,SKU-0030,4,232.44,929.76,USD,refunded,AMER,2026-02-20T09:45:00Z
ORD-100109,CUST-00334,SKU-0023,5,394.38,1971.90,USD,paid,APAC,2026-02-07T06:12:00Z
ORD-100110,CUST-00354,SKU-0026,3,166.50,499.50,USD,paid,LATAM,2026-01-10T12:47:00Z
ORD-100111,CUST-00146,SKU-0004,10,298.69,2986.90,USD,paid,,2026-04-13T21:03:00Z
ORD-100112,CUST-00012,SKU-0035,3,20.32,60.96,USD,paid,EMEA,2026-04-10T18:25:00Z
ORD-100113,CUST-00053,SKU-0012,6,125.63,753.78,USD,pending,EMEA,2026-01-14T03:01:00Z
ORD-100114,CUST-00370,SKU-0020,1,228.31,228.31,USD,paid,AMER,2026-03-12T00:55:00Z
ORD-100115,CUST-00266,SKU-0015,1,20.36,20.36,USD,paid,APAC,2026-01-14T23:11:00Z
ORD-100116,CUST-00121,SKU-0040,1,346.89,346.89,USD,paid,AMER,2026-02-19T18:13:00Z
ORD-100117,CUST-00249,SKU-0025,3,253.10,759.30,USD,paid,AMER,2026-02-27T12:02:00Z
ORD-100118,CUST-00266,SKU-0018,6,174.78,1048.68,USD,paid,AMER,2026-04-24T11:42:00Z
ORD-100119,CUST-00320,SKU-0037,4,210.52,842.08,USD,pending,,2026-04-18T04:05:00Z
ORD-100120,CUST-00347,SKU-0024,10,356.68,3566.80,USD,cancelled,LATAM,2026-04-15T21:50:00Z
ORD-100121,CUST-00095,SKU-0003,2,32.99,65.98,USD,paid,,2026-02-18T21:56:00Z
ORD-100122,CUST-00232,SKU-0012,5,312.52,1562.60,USD,paid,LATAM,2026-01-08T22:52:00Z
ORD-100123,CUST-00157,SKU-0021,6,254.41,1526.46,USD,paid,,2026-02-15T01:25:00Z
ORD-100124,CUST-00245,SKU-0021,5,347.45,1737.25,USD,pending,APAC,2026-02-12T02:16:00Z
ORD-100125,CUST-00075,SKU-0028,1,238.38,238.38,USD,cancelled,,2026-04-01T01:18:00Z
ORD-100126,CUST-00093,SKU-0013,7,367.76,2574.32,USD,pending,,2026-04-05T19:43:00Z
ORD-100127,CUST-00258,SKU-0008,7,133.49,934.43,USD,paid,EMEA,2026-03-02T05:46:00Z
ORD-100128,CUST-00278,SKU-0022,6,378.11,2268.66,USD,paid,,2026-04-10T03:00:00Z
ORD-100129,CUST-00369,SKU-0002,3,369.90,1109.70,USD,paid,AMER,2026-03-18T19:24:00Z
ORD-100130,CUST-00228,SKU-0010,12,409.82,4917.84,USD,paid,AMER,2026-01-29T22:26:00Z
ORD-100131,CUST-00112,SKU-0035,11,306.03,3366.33,USD,refunded,,2026-04-18T11:43:00Z
ORD-100132,CUST-00126,SKU-0003,9,70.10,630.90,USD,paid,,2026-04-02T17:12:00Z
ORD-100133,CUST-00355,SKU-0036,6,415.07,2490.42,USD,paid,,2026-04-06T05:14:00Z
ORD-100134,CUST-00079,SKU-0028,1,342.44,342.44,USD,paid,APAC,2026-03-01T08:02:00Z
ORD-100135,CUST-00299,SKU-0010,9,268.94,2420.46,USD,paid,EMEA,2026-04-06T00:58:00Z
ORD-100136,CUST-00063,SKU-0029,1,402.72,402.72,USD,refunded,,2026-03-28T15:33:00Z
ORD-100137,CUST-00087,SKU-0030,10,357.07,3570.70,USD,paid,,2026-03-30T00:58:00Z
ORD-100138,CUST-00130,SKU-0004,2,63.44,126.88,USD,paid,,2026-04-28T21:38:00Z
ORD-100139,CUST-00270,SKU-0025,12,181.32,2175.84,USD,paid,,2026-02-18T03:45:00Z
ORD-100140,CUST-00355,SKU-0014,9,471.95,4247.55,USD,paid,EMEA,2026-04-21T07:42:00Z
ORD-100141,CUST-00143,SKU-0011,6,244.47,1466.82,USD,paid,AMER,2026-03-07T17:25:00Z
ORD-100142,CUST-00328,SKU-0034,2,28.66,57.32,USD,paid,EMEA,2026-01-10T20:20:00Z
ORD-100143,CUST-00127,SKU-0015,7,279.04,1953.28,USD,pending,AMER,2026-03-31T08:20:00Z
ORD-100144,CUST-00422,SKU-0020,8,250.83,2006.64,USD,paid,,2026-02-19T10:31:00Z
ORD-100145,CUST-00355,SKU-0036,6,183.62,1101.72,USD,paid,APAC,2026-01-28T22:46:00Z
ORD-100146,CUST-00281,SKU-0026,3,139.07,417.21,USD,paid,,2026-04-07T20:48:00Z
ORD-100147,CUST-00107,SKU-0002,7,255.27,1786.89,USD,refunded,AMER,2026-01-04T19:19:00Z
ORD-100148,CUST-00254,SKU-0004,9,389.41,3504.69,USD,pending,,2026-02-22T22:14:00Z
ORD-100149,CUST-00081,SKU-0012,6,465.68,2794.08,USD,paid,EMEA,2026-03-15T21:53:00Z
ORD-100150,CUST-00293,SKU-0024,6,76.35,458.10,USD,paid,EMEA,2026-03-07T04:41:00Z
ORD-100151,CUST-00302,SKU-0027,12,50.17,602.04,USD,paid,,2026-02-23T15:03:00Z
ORD-100152,CUST-00110,SKU-0036,4,19.79,79.16,USD,paid,AMER,2026-01-05T02:10:00Z
ORD-100153,CUST-00401,SKU-0022,2,314.43,628.86,USD,paid,APAC,2026-03-29T12:41:00Z
ORD-100154,CUST-00040,SKU-0038,5,121.89,609.45,USD,paid,AMER,2026-02-13T03:15:00Z
ORD-100155,CUST-00193,SKU-0040,5,58.72,293.60,USD,pending,EMEA,2026-04-06T03:25:00Z
ORD-100156,CUST-00027,SKU-0012,9,165.63,1490.67,EUR,cancelled,EMEA,2026-03-04T13:08:00Z
ORD-100157,CUST-00012,SKU-0035,11,128.96,1418.56,USD,paid,AMER,2026-02-07T07:28:00Z
ORD-100158,CUST-00042,SKU-0007,6,411.78,2470.68,USD,paid,,2026-01-11T19:05:00Z
ORD-100159,CUST-00009,SKU-0003,6,423.06,2538.36,USD,paid,APAC,2026-02-11T12:44:00Z
ORD-100160,CUST-00393,SKU-0027,11,213.86,2352.46,USD,pending,AMER,2026-03-10T23:26:00Z
ORD-100161,CUST-00239,SKU-0016,1,382.02,382.02,USD,paid,,2026-01-20T03:09:00Z
ORD-100162,CUST-00089,SKU-0025,11,402.98,4432.78,USD,paid,AMER,2026-03-15T01:39:00Z
ORD-100163,CUST-00399,SKU-0003,4,33.12,132.48,USD,pending,EMEA,2026-03-07T20:59:00Z
ORD-100164,CUST-00027,SKU-0023,10,257.31,2573.10,USD,paid,AMER,2026-03-07T23:46:00Z
ORD-100165,CUST-00344,SKU-0017,2,340.75,681.50,USD,paid,EMEA,2026-04-15T07:32:00Z
ORD-100166,CUST-00199,SKU-0004,11,200.54,2205.94,USD,pending,AMER,2026-01-08T08:09:00Z
ORD-100167,CUST-00328,SKU-0012,5,440.53,2202.65,USD,paid,EMEA,2026-02-25T03:27:00Z
ORD-100168,CUST-00090,SKU-0036,8,22.33,178.64,USD,paid,,2026-04-23T15:59:00Z
ORD-100169,CUST-00026,SKU-0022,11,312.09,3432.99,USD,paid,EMEA,2026-01-27T03:35:00Z
ORD-100170,CUST-00318,SKU-0038,10,168.32,1683.20,USD,paid,APAC,2026-01-18T18:09:00Z
ORD-100171,CUST-00434,SKU-0036,4,32.59,130.36,USD,paid,,2026-01-15T02:09:00Z
ORD-100172,CUST-00042,SKU-0026,2,242.41,484.82,USD,refunded,,2026-01-22T13:59:00Z
ORD-100173,CUST-00371,SKU-0021,10,376.50,3765.00,USD,paid,AMER,2026-01-07T18:03:00Z
ORD-100174,CUST-00153,SKU-0025,5,205.98,1029.90,EUR,refunded,AMER,2026-03-01T06:06:00Z
ORD-100175,CUST-00292,SKU-0026,2,497.70,995.40,USD,paid,AMER,2026-01-03T20:29:00Z
ORD-100176,CUST-00423,SKU-0003,3,161.60,484.80,USD,paid,APAC,2026-03-29T21:44:00Z
ORD-100177,CUST-00019,SKU-0009,8,269.60,2156.80,USD,pending,EMEA,2026-02-09T04:34:00Z
ORD-100178,CUST-00303,SKU-0014,12,124.33,1491.96,USD,paid,,2026-01-10T01:34:00Z
ORD-100179,CUST-00329,SKU-0025,1,372.78,372.78,USD,paid,EMEA,2026-03-12T17:23:00Z
ORD-100180,CUST-00111,SKU-0034,12,467.96,5615.52,USD,paid,AMER,2026-03-16T00:37:00Z
ORD-100181,CUST-00170,SKU-0014,8,168.94,1351.52,USD,paid,,2026-04-04T10:53:00Z
ORD-100182,CUST-00012,SKU-0031,7,345.75,2420.25,USD,paid,EMEA,2026-04-08T06:12:00Z
ORD-100183,CUST-00012,SKU-0011,7,379.76,2658.32,USD,paid,EMEA,2026-02-01T20:44:00Z
ORD-100184,CUST-00165,SKU-0021,11,86.17,947.87,USD,cancelled,,2026-04-16T00:46:00Z
ORD-100185,CUST-00068,SKU-0019,10,155.71,1557.10,USD,pending,,2026-03-28T20:39:00Z
ORD-100186,CUST-00105,SKU-0037,6,216.36,1298.16,USD,paid,EMEA,2026-01-17T09:55:00Z
ORD-100187,CUST-00259,SKU-0017,3,163.59,490.77,USD,pending,APAC,2026-01-22T15:35:00Z
ORD-100188,CUST-00415,SKU-0039,1,151.95,151.95,USD,pending,,2026-01-22T17:36:00Z
ORD-100189,CUST-00362,SKU-0031,8,236.67,1893.36,EUR,paid,,2026-02-03T16:21:00Z
ORD-100190,CUST-00099,SKU-0035,4,459.47,1837.88,USD,paid,APAC,2026-02-23T16:30:00Z
ORD-100191,CUST-00239,SKU-0004,8,139.41,1115.28,USD,paid,EMEA,2026-02-19T22:25:00Z
ORD-100192,CUST-00383,SKU-0029,2,176.63,353.26,USD,cancelled,AMER,2026-04-03T11:03:00Z
ORD-100193,CUST-00379,SKU-0039,10,490.90,4909.00,USD,pending,,2026-02-21T19:07:00Z
ORD-100194,CUST-00410,SKU-0007,9,125.05,1125.45,USD,cancelled,AMER,2026-03-16T05:13:00Z
ORD-100195,CUST-00033,SKU-0011,4,53.07,212.28,USD,paid,AMER,2026-02-28T05:16:00Z
ORD-100196,CUST-00330,SKU-0006,12,346.66,4159.92,USD,paid,,2026-03-21T06:54:00Z
ORD-100197,CUST-00233,SKU-0002,7,162.81,1139.67,USD,paid,,2026-01-18T21:43:00Z
ORD-100198,CUST-00191,SKU-0034,8,193.82,1550.56,USD,pending,,2026-04-08T02:20:00Z
ORD-100199,CUST-00304,SKU-0009,4,384.11,1536.44,USD,paid,,2026-01-23T13:16:00Z
ORD-100200,CUST-00227,SKU-0018,2,496.71,993.42,USD,paid,LATAM,2026-01-02T09:53:00Z
ORD-100201,CUST-00208,SKU-0020,9,410.71,3696.39,USD,pending,,2026-03-22T18:56:00Z
ORD-100202,CUST-00197,SKU-0001,2,53.91,107.82,USD,paid,AMER,2026-03-25T12:25:00Z
ORD-100203,CUST-00356,SKU-0016,7,84.96,594.72,USD,paid,EMEA,2026-03-24T13:58:00Z
ORD-100204,CUST-00148,SKU-0020,11,34.43,378.73,USD,paid,,2026-04-01T15:38:00Z
ORD-100205,CUST-00005,SKU-0021,8,457.45,3659.60,USD,paid,AMER,2026-03-25T06:26:00Z
ORD-100206,CUST-00329,SKU-0040,9,103.94,935.46,USD,cancelled,,2026-01-05T21:08:00Z
ORD-100207,CUST-00417,SKU-0005,2,48.54,97.08,USD,paid,AMER,2026-01-16T15:22:00Z
ORD-100208,CUST-00425,SKU-0033,6,454.89,2729.34,USD,paid,,2026-01-12T12:07:00Z
ORD-100209,CUST-00265,SKU-0035,2,168.23,336.46,USD,pending,,2026-03-12T08:05:00Z
ORD-100210,CUST-00223,SKU-0012,2,487.91,975.82,USD,paid,,2026-02-28T20:12:00Z
ORD-100211,CUST-00167,SKU-0029,10,259.79,2597.90,USD,paid,,2026-01-03T01:38:00Z
ORD-100212,CUST-00372,SKU-0002,9,137.95,1241.55,USD,paid,,2026-03-09T13:17:00Z
ORD-100213,CUST-00249,SKU-0006,3,384.07,1152.21,USD,refunded,,2026-02-13T07:10:00Z
ORD-100214,CUST-00287,SKU-0037,7,195.95,1371.65,USD,paid,,2026-03-26T23:56:00Z
ORD-100215,CUST-00163,SKU-0010,10,20.54,205.40,USD,paid,AMER,2026-02-22T14:33:00Z
ORD-100216,CUST-00269,SKU-0016,2,263.61,527.22,USD,paid,,2026-01-19T04:23:00Z
ORD-100217,CUST-00211,SKU-0028,12,39.29,471.48,USD,refunded,AMER,2026-03-11T19:48:00Z
ORD-100218,CUST-00262,SKU-0016,8,270.42,2163.36,USD,paid,AMER,2026-02-21T04:53:00Z
ORD-100219,CUST-00171,SKU-0012,9,213.86,1924.74,USD,paid,,2026-02-23T09:43:00Z
ORD-100220,CUST-00096,SKU-0020,5,166.05,830.25,USD,paid,EMEA,2026-03-22T18:27:00Z
ORD-100221,CUST-00010,SKU-0025,7,172.90,1210.30,USD,refunded,EMEA,2026-04-18T02:53:00Z
ORD-100222,CUST-00233,SKU-0033,2,170.75,341.50,USD,refunded,AMER,2026-02-14T22:30:00Z
ORD-100223,CUST-00032,SKU-0017,6,41.23,247.38,USD,cancelled,,2026-02-21T01:36:00Z
ORD-100224,CUST-00280,SKU-0016,10,370.42,3704.20,USD,paid,AMER,2026-04-20T14:33:00Z
ORD-100225,CUST-00246,SKU-0010,7,494.07,3458.49,USD,cancelled,AMER,2026-02-20T10:45:00Z
ORD-100226,CUST-00330,SKU-0032,8,469.42,3755.36,USD,paid,,2026-03-13T10:02:00Z
ORD-100227,CUST-00333,SKU-0017,9,186.46,1678.14,USD,refunded,,2026-01-07T07:57:00Z
ORD-100228,CUST-00028,SKU-0009,10,192.28,1922.80,USD,paid,AMER,2026-04-22T18:18:00Z
ORD-100229,CUST-00443,SKU-0038,2,161.49,322.98,EUR,refunded,,2026-01-11T06:04:00Z
ORD-100230,CUST-00374,SKU-0039,1,85.97,85.97,USD,pending,AMER,2026-04-06T15:50:00Z
ORD-100231,CUST-00240,SKU-0015,10,242.87,2428.70,USD,paid,,2026-04-24T07:45:00Z
ORD-100232,CUST-00403,SKU-0019,1,102.12,102.12,USD,paid,EMEA,2026-02-23T09:25:00Z
ORD-100233,CUST-00135,SKU-0038,4,183.16,732.64,USD,paid,,2026-02-06T22:22:00Z
ORD-100234,CUST-00028,SKU-0034,10,57.24,572.40,USD,cancelled,APAC,2026-03-02T06:46:00Z
ORD-100235,CUST-00327,SKU-0022,5,473.78,2368.90,USD,pending,APAC,2026-01-23T17:55:00Z
ORD-100236,CUST-00448,SKU-0015,5,293.50,1467.50,USD,paid,,2026-04-15T07:30:00Z
ORD-100237,CUST-00044,SKU-0039,12,35.11,421.32,USD,paid,APAC,2026-01-25T02:43:00Z
ORD-100238,CUST-00009,SKU-0011,2,60.13,120.26,USD,paid,EMEA,2026-02-11T01:22:00Z
ORD-100239,CUST-00067,SKU-0015,3,133.75,401.25,USD,paid,EMEA,2026-03-26T18:24:00Z
ORD-100240,CUST-00292,SKU-0017,12,223.82,2685.84,USD,paid,AMER,2026-01-08T00:07:00Z
ORD-100241,CUST-00039,SKU-0028,12,374.38,4492.56,EUR,paid,AMER,2026-02-27T18:50:00Z
ORD-100242,CUST-00156,SKU-0039,3,396.69,1190.07,USD,paid,AMER,2026-02-25T05:13:00Z
ORD-100243,CUST-00173,SKU-0008,2,213.74,427.48,USD,paid,AMER,2026-02-19T11:45:00Z
ORD-100244,CUST-00066,SKU-0036,2,412.12,824.24,USD,refunded,APAC,2026-03-14T23:49:00Z
ORD-100245,CUST-00229,SKU-0001,8,454.30,3634.40,USD,paid,AMER,2026-01-07T19:39:00Z
ORD-100246,CUST-00090,SKU-0028,7,479.49,3356.43,USD,paid,,2026-02-01T01:53:00Z
ORD-100247,CUST-00225,SKU-0015,5,219.20,1096.00,USD,paid,AMER,2026-02-14T16:30:00Z
ORD-100248,CUST-00444,SKU-0024,12,322.12,3865.44,EUR,paid,,2026-01-21T09:06:00Z
ORD-100249,CUST-00258,SKU-0016,3,422.14,1266.42,USD,pending,EMEA,2026-02-24T16:54:00Z
ORD-100250,CUST-00269,SKU-0016,6,247.75,1486.50,EUR,pending,,2026-03-05T17:30:00Z
ORD-100251,CUST-00067,SKU-0001,5,400.56,2002.80,GBP,pending,EMEA,2026-03-11T06:28:00Z
ORD-100252,CUST-00135,SKU-0013,9,227.48,2047.32,USD,paid,,2026-02-20T03:40:00Z
ORD-100253,CUST-00136,SKU-0029,7,123.38,863.66,USD,refunded,,2026-03-30T22:02:00Z
ORD-100254,CUST-00396,SKU-0010,7,94.03,658.21,USD,refunded,AMER,2026-02-20T13:09:00Z
ORD-100255,CUST-00413,SKU-0014,7,367.44,2572.08,USD,paid,,2026-03-19T06:27:00Z
ORD-100256,CUST-00420,SKU-0032,2,460.60,921.20,USD,paid,LATAM,2026-02-25T13:53:00Z
ORD-100257,CUST-00159,SKU-0023,6,323.93,1943.58,USD,paid,,2026-01-27T08:22:00Z
ORD-100258,CUST-00009,SKU-0033,5,440.70,2203.50,USD,refunded,EMEA,2026-01-11T10:28:00Z
ORD-100259,CUST-00212,SKU-0013,11,424.93,4674.23,USD,paid,AMER,2026-01-06T08:23:00Z
ORD-100260,CUST-00214,SKU-0016,9,309.66,2786.94,USD,paid,EMEA,2026-01-28T23:44:00Z
ORD-100261,CUST-00124,SKU-0007,9,236.69,2130.21,USD,paid,,2026-04-27T01:37:00Z
ORD-100262,CUST-00415,SKU-0010,4,400.74,1602.96,USD,paid,APAC,2026-02-14T15:58:00Z
ORD-100263,CUST-00115,SKU-0032,12,436.02,5232.24,USD,paid,AMER,2026-04-02T18:22:00Z
ORD-100264,CUST-00229,SKU-0035,4,496.21,1984.84,USD,pending,AMER,2026-03-08T01:24:00Z
ORD-100265,CUST-00369,SKU-0015,8,328.16,2625.28,USD,pending,EMEA,2026-03-25T08:25:00Z
ORD-100266,CUST-00427,SKU-0013,6,89.29,535.74,USD,paid,AMER,2026-01-24T17:14:00Z
ORD-100267,CUST-00194,SKU-0018,6,58.42,350.52,USD,pending,APAC,2026-02-13T20:23:00Z
ORD-100268,CUST-00340,SKU-0031,8,63.94,511.52,USD,paid,APAC,2026-01-05T14:15:00Z
ORD-100269,CUST-00213,SKU-0001,11,185.99,2045.89,USD,paid,AMER,2026-01-24T23:54:00Z
ORD-100270,CUST-00283,SKU-0014,11,25.50,280.50,USD,paid,EMEA,2026-02-02T12:26:00Z
ORD-100271,CUST-00110,SKU-0011,3,210.82,632.46,USD,paid,AMER,2026-02-19T22:50:00Z
ORD-100272,CUST-00014,SKU-0007,9,155.11,1395.99,USD,paid,,2026-01-19T10:09:00Z
ORD-100273,CUST-00057,SKU-0018,7,16.95,118.65,USD,cancelled,APAC,2026-04-20T06:21:00Z
ORD-100274,CUST-00006,SKU-0017,4,346.93,1387.72,USD,refunded,AMER,2026-01-12T12:30:00Z
ORD-100275,CUST-00148,SKU-0014,4,439.22,1756.88,USD,paid,EMEA,2026-01-03T13:54:00Z
ORD-100276,CUST-00426,SKU-0003,8,214.73,1717.84,USD,paid,,2026-01-28T05:23:00Z
ORD-100277,CUST-00049,SKU-0032,4,170.00,680.00,USD,paid,AMER,2026-02-03T13:16:00Z
ORD-100278,CUST-00124,SKU-0015,10,461.43,4614.30,USD,paid,AMER,2026-04-28T07:38:00Z
ORD-100279,CUST-00399,SKU-0027,9,419.50,3775.50,USD,pending,,2026-04-09T20:25:00Z
ORD-100280,CUST-00070,SKU-0010,3,43.56,130.68,USD,pending,APAC,2026-04-01T10:26:00Z
ORD-100281,CUST-00327,SKU-0004,12,286.78,3441.36,USD,pending,AMER,2026-01-12T16:05:00Z
ORD-100282,CUST-00382,SKU-0020,7,22.49,157.43,USD,paid,,2026-02-15T21:37:00Z
ORD-100283,CUST-00130,SKU-0023,8,224.58,1796.64,USD,refunded,AMER,2026-04-19T09:20:00Z
ORD-100284,CUST-00072,SKU-0014,5,201.84,1009.20,USD,paid,LATAM,2026-04-09T20:55:00Z
ORD-100285,CUST-00098,SKU-0017,3,303.32,909.96,USD,paid,AMER,2026-02-25T02:23:00Z
ORD-100286,CUST-00048,SKU-0038,4,221.70,886.80,USD,pending,EMEA,2026-02-13T10:35:00Z
ORD-100287,CUST-00272,SKU-0031,10,348.47,3484.70,USD,paid,AMER,2026-04-06T09:26:00Z
ORD-100288,CUST-00181,SKU-0039,5,491.50,2457.50,USD,paid,,2026-03-06T07:42:00Z
ORD-100289,CUST-00380,SKU-0019,5,108.37,541.85,USD,paid,AMER,2026-01-17T10:16:00Z
ORD-100290,CUST-00437,SKU-0037,6,299.91,1799.46,USD,refunded,,2026-03-13T03:12:00Z
ORD-100291,CUST-00085,SKU-0036,6,127.30,763.80,USD,paid,EMEA,2026-03-09T16:06:00Z
ORD-100292,CUST-00361,SKU-0012,9,430.43,3873.87,USD,cancelled,EMEA,2026-02-11T19:07:00Z
ORD-100293,CUST-00160,SKU-0015,6,373.52,2241.12,USD,refunded,,2026-02-18T00:38:00Z
ORD-100294,CUST-00153,SKU-0029,9,333.58,3002.22,USD,paid,AMER,2026-04-03T10:41:00Z
ORD-100295,CUST-00280,SKU-0010,1,343.93,343.93,USD,pending,,2026-01-05T14:22:00Z
ORD-100296,CUST-00080,SKU-0003,1,89.74,89.74,USD,refunded,AMER,2026-04-29T10:24:00Z
ORD-100297,CUST-00429,SKU-0005,8,128.18,1025.44,USD,paid,APAC,2026-03-25T21:58:00Z
ORD-100298,CUST-00309,SKU-0036,2,96.53,193.06,USD,paid,APAC,2026-02-07T04:00:00Z
ORD-100299,CUST-00035,SKU-0004,12,483.67,5804.04,USD,paid,,2026-01-16T11:51:00Z
ORD-100300,CUST-00130,SKU-0015,12,100.81,1209.72,USD,paid,AMER,2026-03-13T14:22:00Z
ORD-100301,CUST-00232,SKU-0025,3,216.82,650.46,USD,paid,EMEA,2026-04-17T23:02:00Z
ORD-100302,CUST-00111,SKU-0021,4,396.47,1585.88,USD,paid,EMEA,2026-01-22T19:42:00Z
ORD-100303,CUST-00135,SKU-0027,1,178.07,178.07,USD,paid,AMER,2026-02-15T21:56:00Z
ORD-100304,CUST-00422,SKU-0027,2,438.93,877.86,USD,pending,AMER,2026-03-11T19:39:00Z
ORD-100305,CUST-00196,SKU-0018,8,472.77,3782.16,USD,paid,,2026-03-01T02:49:00Z
ORD-100306,CUST-00109,SKU-0003,10,392.08,3920.80,USD,paid,,2026-04-11T14:23:00Z
ORD-100307,CUST-00290,SKU-0018,8,94.80,758.40,USD,refunded,APAC,2026-03-14T03:04:00Z
ORD-100308,CUST-00324,SKU-0020,10,365.29,3652.90,USD,cancelled,,2026-01-08T05:19:00Z
ORD-100309,CUST-00062,SKU-0038,1,470.69,470.69,USD,pending,,2026-04-28T03:21:00Z
ORD-100310,CUST-00385,SKU-0007,7,307.78,2154.46,USD,paid,,2026-01-22T21:38:00Z
ORD-100311,CUST-00282,SKU-0004,6,371.55,2229.30,USD,paid,AMER,2026-02-21T05:09:00Z
ORD-100312,CUST-00174,SKU-0037,2,162.62,325.24,USD,paid,EMEA,2026-04-08T20:14:00Z
ORD-100313,CUST-00092,SKU-0009,6,362.91,2177.46,USD,cancelled,,2026-01-14T21:02:00Z
ORD-100314,CUST-00399,SKU-0017,11,197.63,2173.93,USD,refunded,,2026-04-14T13:44:00Z
ORD-100315,CUST-00004,SKU-0004,11,390.87,4299.57,USD,refunded,APAC,2026-02-15T08:43:00Z
ORD-100316,CUST-00296,SKU-0016,5,274.38,1371.90,USD,paid,AMER,2026-02-14T06:47:00Z
ORD-100317,CUST-00377,SKU-0024,1,478.03,478.03,USD,refunded,EMEA,2026-02-05T02:01:00Z
ORD-100318,CUST-00009,SKU-0027,9,261.18,2350.62,USD,pending,EMEA,2026-04-21T16:06:00Z
ORD-100319,CUST-00004,SKU-0016,10,388.06,3880.60,EUR,paid,,2026-01-23T12:36:00Z
ORD-100320,CUST-00289,SKU-0026,1,246.55,246.55,USD,paid,,2026-01-07T03:46:00Z
ORD-100321,CUST-00124,SKU-0007,1,424.01,424.01,USD,refunded,,2026-03-19T00:04:00Z
ORD-100322,CUST-00156,SKU-0011,11,34.63,380.93,USD,paid,EMEA,2026-04-12T22:30:00Z
ORD-100323,CUST-00068,SKU-0020,8,154.45,1235.60,USD,refunded,,2026-02-23T21:46:00Z
ORD-100324,CUST-00117,SKU-0029,11,302.42,3326.62,USD,paid,,2026-04-08T11:50:00Z
ORD-100325,CUST-00426,SKU-0002,4,243.60,974.40,USD,paid,,2026-04-13T12:52:00Z
ORD-100326,CUST-00154,SKU-0005,2,493.55,987.10,USD,pending,,2026-01-23T07:13:00Z
ORD-100327,CUST-00290,SKU-0010,4,143.31,573.24,USD,paid,,2026-01-06T02:07:00Z
ORD-100328,CUST-00378,SKU-0012,1,344.25,344.25,USD,paid,,2026-01-28T13:00:00Z
ORD-100329,CUST-00112,SKU-0027,6,15.62,93.72,USD,paid,,2026-03-22T10:31:00Z
ORD-100330,CUST-00356,SKU-0015,7,185.92,1301.44,USD,paid,,2026-03-13T04:29:00Z
ORD-100331,CUST-00068,SKU-0013,12,81.01,972.12,USD,refunded,EMEA,2026-01-18T18:22:00Z
ORD-100332,CUST-00022,SKU-0006,1,141.51,141.51,USD,paid,AMER,2026-03-15T13:09:00Z
ORD-100333,CUST-00323,SKU-0002,1,57.76,57.76,USD,pending,,2026-01-19T23:49:00Z
ORD-100334,CUST-00326,SKU-0025,3,454.10,1362.30,USD,paid,,2026-04-06T08:48:00Z
ORD-100335,CUST-00399,SKU-0038,3,125.34,376.02,USD,refunded,EMEA,2026-02-19T07:51:00Z
ORD-100336,CUST-00108,SKU-0016,4,206.14,824.56,USD,paid,EMEA,2026-04-04T20:40:00Z
ORD-100337,CUST-00230,SKU-0025,2,183.27,366.54,USD,pending,AMER,2026-02-22T01:57:00Z
ORD-100338,CUST-00273,SKU-0029,9,349.39,3144.51,USD,paid,AMER,2026-02-24T16:56:00Z
ORD-100339,CUST-00151,SKU-0020,10,393.98,3939.80,USD,pending,,2026-04-24T04:39:00Z
ORD-100340,CUST-00423,SKU-0023,11,314.03,3454.33,USD,paid,,2026-03-01T02:35:00Z
ORD-100341,CUST-00173,SKU-0019,9,137.17,1234.53,USD,paid,,2026-02-03T12:30:00Z
ORD-100342,CUST-00335,SKU-0024,8,462.03,3696.24,USD,refunded,,2026-04-25T03:27:00Z
ORD-100343,CUST-00150,SKU-0031,10,452.83,4528.30,USD,paid,,2026-04-14T13:19:00Z
ORD-100344,CUST-00294,SKU-0015,2,98.26,196.52,USD,cancelled,APAC,2026-04-28T22:03:00Z
ORD-100345,CUST-00079,SKU-0022,11,348.89,3837.79,USD,refunded,AMER,2026-04-24T12:33:00Z
ORD-100346,CUST-00412,SKU-0033,2,295.14,590.28,USD,paid,AMER,2026-01-20T20:09:00Z
ORD-100347,CUST-00152,SKU-0030,6,363.74,2182.44,USD,paid,APAC,2026-02-09T03:21:00Z
ORD-100348,CUST-00127,SKU-0021,9,296.97,2672.73,EUR,refunded,AMER,2026-03-29T20:55:00Z
ORD-100349,CUST-00134,SKU-0020,7,461.52,3230.64,USD,paid,APAC,2026-04-13T12:00:00Z
ORD-100350,CUST-00067,SKU-0036,11,402.57,4428.27,USD,paid,AMER,2026-03-18T20:20:00Z
ORD-100351,CUST-00003,SKU-0033,3,340.61,1021.83,USD,cancelled,EMEA,2026-02-20T07:31:00Z
ORD-100352,CUST-00222,SKU-0022,9,143.43,1290.87,USD,paid,APAC,2026-03-03T02:00:00Z
ORD-100353,CUST-00299,SKU-0029,12,179.17,2150.04,USD,paid,,2026-03-19T00:19:00Z
ORD-100354,CUST-00427,SKU-0039,4,265.49,1061.96,USD,paid,AMER,2026-04-14T14:28:00Z
ORD-100355,CUST-00036,SKU-0015,1,390.15,390.15,USD,paid,,2026-01-07T01:42:00Z
ORD-100356,CUST-00329,SKU-0018,3,241.01,723.03,EUR,paid,,2026-01-29T11:00:00Z
ORD-100357,CUST-00262,SKU-0005,10,337.88,3378.80,USD,paid,APAC,2026-02-10T10:07:00Z
ORD-100358,CUST-00142,SKU-0038,4,470.58,1882.32,USD,paid,,2026-04-12T10:33:00Z
ORD-100359,CUST-00439,SKU-0030,10,292.12,2921.20,USD,paid,AMER,2026-01-16T12:14:00Z
ORD-100360,CUST-00197,SKU-0036,7,183.81,1286.67,USD,cancelled,,2026-02-25T02:45:00Z
ORD-100361,CUST-00351,SKU-0007,1,195.58,195.58,USD,paid,,2026-01-23T13:58:00Z
ORD-100362,CUST-00106,SKU-0029,12,296.89,3562.68,USD,paid,AMER,2026-02-19T01:55:00Z
ORD-100363,CUST-00037,SKU-0015,11,327.22,3599.42,USD,paid,AMER,2026-04-05T14:43:00Z
ORD-100364,CUST-00341,SKU-0038,10,315.67,3156.70,USD,refunded,,2026-02-25T19:30:00Z
ORD-100365,CUST-00352,SKU-0017,2,406.51,813.02,USD,pending,LATAM,2026-03-18T01:00:00Z
ORD-100366,CUST-00242,SKU-0002,4,135.60,542.40,USD,paid,,2026-01-04T10:12:00Z
ORD-100367,CUST-00285,SKU-0011,7,363.59,2545.13,USD,paid,,2026-02-12T13:12:00Z
ORD-100368,CUST-00424,SKU-0029,6,108.61,651.66,USD,paid,EMEA,2026-01-19T22:40:00Z
ORD-100369,CUST-00402,SKU-0005,3,392.67,1178.01,USD,paid,,2026-03-30T11:04:00Z
ORD-100370,CUST-00400,SKU-0031,11,473.25,5205.75,USD,paid,AMER,2026-03-26T08:43:00Z
ORD-100371,CUST-00009,SKU-0025,7,72.38,506.66,USD,refunded,AMER,2026-01-26T14:39:00Z
ORD-100372,CUST-00332,SKU-0035,3,28.88,86.64,USD,pending,AMER,2026-03-13T10:34:00Z
ORD-100373,CUST-00119,SKU-0015,9,53.60,482.40,USD,paid,EMEA,2026-01-21T21:15:00Z
ORD-100374,CUST-00216,SKU-0034,4,164.99,659.96,USD,refunded,,2026-01-31T07:44:00Z
ORD-100375,CUST-00023,SKU-0010,4,400.89,1603.56,USD,paid,,2026-03-29T21:15:00Z
ORD-100376,CUST-00212,SKU-0025,1,21.89,21.89,USD,pending,EMEA,2026-01-27T21:10:00Z
ORD-100377,CUST-00348,SKU-0028,8,217.30,1738.40,USD,paid,,2026-01-17T05:25:00Z
ORD-100378,CUST-00007,SKU-0023,8,396.45,3171.60,USD,paid,,2026-01-08T06:52:00Z
ORD-100379,CUST-00321,SKU-0014,12,243.98,2927.76,USD,paid,,2026-03-25T10:29:00Z
ORD-100380,CUST-00059,SKU-0022,7,292.90,2050.30,USD,pending,,2026-04-27T13:32:00Z
ORD-100381,CUST-00270,SKU-0040,1,391.98,391.98,USD,paid,,2026-04-26T05:44:00Z
ORD-100382,CUST-00207,SKU-0007,6,379.74,2278.44,USD,paid,AMER,2026-03-29T13:14:00Z
ORD-100383,CUST-00341,SKU-0024,8,495.47,3963.76,USD,refunded,APAC,2026-02-06T00:32:00Z
ORD-100384,CUST-00005,SKU-0019,11,146.48,1611.28,USD,paid,,2026-03-12T18:30:00Z
ORD-100385,CUST-00075,SKU-0030,8,166.26,1330.08,USD,cancelled,,2026-03-27T22:24:00Z
ORD-100386,CUST-00154,SKU-0004,3,218.54,655.62,USD,refunded,,2026-04-03T17:47:00Z
ORD-100387,CUST-00355,SKU-0013,12,412.68,4952.16,USD,paid,EMEA,2026-01-27T07:53:00Z
ORD-100388,CUST-00392,SKU-0006,2,174.43,348.86,USD,paid,,2026-04-29T15:27:00Z
ORD-100389,CUST-00054,SKU-0021,11,47.08,517.88,USD,pending,APAC,2026-02-17T02:29:00Z
ORD-100390,CUST-00291,SKU-0019,9,161.86,1456.74,USD,paid,AMER,2026-01-13T03:43:00Z
ORD-100391,CUST-00280,SKU-0012,9,29.53,265.77,USD,pending,,2026-03-13T00:33:00Z
ORD-100392,CUST-00448,SKU-0013,9,314.76,2832.84,USD,paid,APAC,2026-02-26T16:40:00Z
ORD-100393,CUST-00429,SKU-0020,12,301.77,3621.24,USD,paid,,2026-03-23T17:01:00Z
ORD-100394,CUST-00365,SKU-0014,1,116.26,116.26,USD,paid,AMER,2026-03-31T18:16:00Z
ORD-100395,CUST-00015,SKU-0026,3,124.28,372.84,USD,pending,EMEA,2026-03-15T22:09:00Z
ORD-100396,CUST-00329,SKU-0001,2,469.19,938.38,USD,paid,,2026-03-03T17:22:00Z
ORD-100397,CUST-00266,SKU-0011,1,252.91,252.91,USD,paid,APAC,2026-02-19T02:22:00Z
ORD-100398,CUST-00390,SKU-0027,3,331.91,995.73,USD,paid,AMER,2026-02-21T13:52:00Z
ORD-100399,CUST-00124,SKU-0030,2,144.13,288.26,USD,paid,LATAM,2026-02-12T13:50:00Z
ORD-100400,CUST-00146,SKU-0007,10,81.94,819.40,USD,paid,,2026-02-18T18:52:00Z
ORD-100401,CUST-00301,SKU-0039,1,54.37,54.37,USD,paid,AMER,2026-04-02T00:11:00Z
ORD-100402,CUST-00214,SKU-0031,4,384.92,1539.68,USD,paid,,2026-03-19T23:14:00Z
ORD-100403,CUST-00321,SKU-0024,2,115.94,231.88,USD,paid,,2026-01-30T05:39:00Z
ORD-100404,CUST-00063,SKU-0030,8,52.11,416.88,USD,paid,,2026-01-01T02:33:00Z
ORD-100405,CUST-00098,SKU-0022,8,232.95,1863.60,USD,paid,EMEA,2026-02-10T10:28:00Z
ORD-100406,CUST-00013,SKU-0019,9,467.63,4208.67,USD,paid,,2026-01-16T18:17:00Z
ORD-100407,CUST-00448,SKU-0040,1,321.56,321.56,USD,paid,,2026-01-13T09:20:00Z
ORD-100408,CUST-00402,SKU-0040,2,391.48,782.96,USD,refunded,EMEA,2026-01-18T14:11:00Z
ORD-100409,CUST-00262,SKU-0009,3,165.83,497.49,USD,paid,EMEA,2026-01-06T16:15:00Z
ORD-100410,CUST-00183,SKU-0011,8,475.54,3804.32,GBP,pending,,2026-02-04T02:15:00Z
ORD-100411,CUST-00152,SKU-0005,1,86.23,86.23,USD,paid,LATAM,2026-03-01T19:32:00Z
ORD-100412,CUST-00440,SKU-0010,6,312.34,1874.04,USD,paid,AMER,2026-01-24T15:16:00Z
ORD-100413,CUST-00094,SKU-0010,9,241.99,2177.91,USD,paid,AMER,2026-03-22T13:08:00Z
ORD-100414,CUST-00066,SKU-0035,8,119.83,958.64,USD,paid,,2026-01-02T10:02:00Z
ORD-100415,CUST-00218,SKU-0027,10,225.57,2255.70,USD,refunded,,2026-04-27T05:09:00Z
ORD-100416,CUST-00035,SKU-0004,6,118.92,713.52,USD,paid,AMER,2026-01-10T07:07:00Z
ORD-100417,CUST-00049,SKU-0003,4,488.87,1955.48,USD,paid,AMER,2026-03-07T07:20:00Z
ORD-100418,CUST-00363,SKU-0023,5,334.63,1673.15,USD,pending,AMER,2026-02-23T06:08:00Z
ORD-100419,CUST-00222,SKU-0020,2,469.27,938.54,USD,paid,EMEA,2026-02-25T10:01:00Z
ORD-100420,CUST-00447,SKU-0013,9,95.30,857.70,USD,pending,,2026-01-05T13:44:00Z
ORD-100421,CUST-00362,SKU-0040,9,276.45,2488.05,USD,paid,EMEA,2026-03-05T00:31:00Z
ORD-100422,CUST-00422,SKU-0006,3,24.89,74.67,USD,pending,,2026-02-03T06:56:00Z
ORD-100423,CUST-00039,SKU-0004,10,253.46,2534.60,USD,paid,,2026-01-06T05:39:00Z
ORD-100424,CUST-00406,SKU-0016,5,399.19,1995.95,USD,paid,,2026-04-12T04:26:00Z
ORD-100425,CUST-00055,SKU-0009,11,442.20,4864.20,USD,pending,,2026-03-06T10:52:00Z
ORD-100426,CUST-00389,SKU-0007,8,217.61,1740.88,USD,pending,,2026-04-24T21:24:00Z
ORD-100427,CUST-00151,SKU-0023,4,403.01,1612.04,USD,paid,,2026-01-22T07:17:00Z
ORD-100428,CUST-00422,SKU-0017,12,28.10,337.20,USD,paid,APAC,2026-01-23T01:50:00Z
ORD-100429,CUST-00131,SKU-0012,2,14.81,29.62,USD,paid,APAC,2026-03-01T02:48:00Z
ORD-100430,CUST-00288,SKU-0020,5,226.38,1131.90,USD,paid,AMER,2026-01-18T13:20:00Z
ORD-100431,CUST-00122,SKU-0022,4,149.83,599.32,USD,paid,AMER,2026-01-06T22:19:00Z
ORD-100432,CUST-00424,SKU-0026,3,84.95,254.85,USD,paid,AMER,2026-01-09T19:11:00Z
ORD-100433,CUST-00362,SKU-0029,11,375.09,4125.99,USD,paid,,2026-03-12T12:05:00Z
ORD-100434,CUST-00137,SKU-0033,9,316.76,2850.84,USD,paid,,2026-04-22T22:51:00Z
ORD-100435,CUST-00393,SKU-0004,9,208.70,1878.30,USD,paid,AMER,2026-01-06T17:07:00Z
ORD-100436,CUST-00394,SKU-0002,3,384.35,1153.05,USD,paid,APAC,2026-01-14T14:53:00Z
ORD-100437,CUST-00197,SKU-0003,3,493.95,1481.85,USD,paid,,2026-02-18T02:37:00Z
ORD-100438,CUST-00358,SKU-0027,9,409.99,3689.91,USD,refunded,,2026-04-28T15:12:00Z
ORD-100439,CUST-00331,SKU-0005,7,6.14,42.98,USD,paid,,2026-02-20T18:25:00Z
ORD-100440,CUST-00286,SKU-0036,10,495.77,4957.70,USD,pending,,2026-04-14T00:06:00Z
ORD-100441,CUST-00360,SKU-0009,6,234.27,1405.62,USD,paid,EMEA,2026-03-07T02:33:00Z
ORD-100442,CUST-00253,SKU-0025,12,164.61,1975.32,USD,refunded,AMER,2026-03-22T02:44:00Z
ORD-100443,CUST-00332,SKU-0010,1,332.74,332.74,USD,refunded,AMER,2026-02-18T18:43:00Z
ORD-100444,CUST-00210,SKU-0031,10,9.60,96.00,USD,paid,AMER,2026-03-15T17:13:00Z
ORD-100445,CUST-00075,SKU-0013,6,83.52,501.12,USD,paid,,2026-01-22T13:06:00Z
ORD-100446,CUST-00021,SKU-0010,4,435.11,1740.44,GBP,paid,EMEA,2026-01-04T08:24:00Z
ORD-100447,CUST-00060,SKU-0025,2,288.18,576.36,USD,pending,AMER,2026-02-09T07:50:00Z
ORD-100448,CUST-00338,SKU-0036,6,317.82,1906.92,USD,pending,AMER,2026-03-24T07:52:00Z
ORD-100449,CUST-00171,SKU-0016,5,154.76,773.80,USD,paid,,2026-04-19T14:10:00Z
ORD-100450,CUST-00302,SKU-0007,5,431.13,2155.65,USD,paid,AMER,2026-01-09T16:11:00Z
ORD-100451,CUST-00123,SKU-0031,5,175.67,878.35,USD,paid,APAC,2026-01-21T10:42:00Z
ORD-100452,CUST-00429,SKU-0013,10,68.80,688.00,USD,pending,,2026-04-24T07:35:00Z
ORD-100453,CUST-00325,SKU-0026,5,95.20,476.00,USD,paid,LATAM,2026-01-02T02:40:00Z
ORD-100454,CUST-00430,SKU-0026,3,334.64,1003.92,USD,pending,,2026-01-26T16:48:00Z
ORD-100455,CUST-00304,SKU-0008,8,307.04,2456.32,USD,paid,,2026-03-16T14:45:00Z
ORD-100456,CUST-00231,SKU-0023,3,363.19,1089.57,USD,paid,,2026-02-20T22:20:00Z
ORD-100457,CUST-00244,SKU-0014,8,11.27,90.16,USD,paid,AMER,2026-04-22T21:54:00Z
ORD-100458,CUST-00168,SKU-0002,3,46.24,138.72,USD,pending,,2026-02-18T23:53:00Z
ORD-100459,CUST-00001,SKU-0037,9,31.04,279.36,USD,paid,EMEA,2026-01-30T13:28:00Z
ORD-100460,CUST-00128,SKU-0031,10,201.81,2018.10,USD,paid,,2026-02-10T11:07:00Z
ORD-100461,CUST-00281,SKU-0020,11,112.70,1239.70,USD,paid,,2026-01-21T00:10:00Z
ORD-100462,CUST-00037,SKU-0026,10,468.30,4683.00,USD,paid,,2026-01-05T08:38:00Z
ORD-100463,CUST-00209,SKU-0005,10,172.23,1722.30,USD,paid,,2026-04-11T13:49:00Z
ORD-100464,CUST-00089,SKU-0040,6,390.41,2342.46,USD,paid,,2026-03-20T13:20:00Z
ORD-100465,CUST-00369,SKU-0032,6,380.52,2283.12,USD,paid,,2026-01-18T20:17:00Z
ORD-100466,CUST-00167,SKU-0040,2,378.66,757.32,USD,paid,AMER,2026-01-26T16:13:00Z
ORD-100467,CUST-00266,SKU-0007,9,215.64,1940.76,EUR,pending,AMER,2026-04-23T21:11:00Z
ORD-100468,CUST-00425,SKU-0040,11,262.88,2891.68,USD,refunded,,2026-04-28T15:31:00Z
ORD-100469,CUST-00090,SKU-0012,2,482.30,964.60,USD,paid,EMEA,2026-04-18T18:27:00Z
ORD-100470,CUST-00180,SKU-0035,3,402.59,1207.77,USD,cancelled,,2026-01-13T12:21:00Z
ORD-100471,CUST-00035,SKU-0034,2,268.54,537.08,USD,paid,,2026-04-21T20:17:00Z
ORD-100472,CUST-00071,SKU-0023,11,168.84,1857.24,USD,refunded,,2026-02-16T12:22:00Z
ORD-100473,CUST-00282,SKU-0028,12,452.20,5426.40,USD,paid,APAC,2026-04-25T19:18:00Z
ORD-100474,CUST-00031,SKU-0006,4,377.72,1510.88,USD,refunded,,2026-02-27T18:58:00Z
ORD-100475,CUST-00082,SKU-0009,10,52.92,529.20,USD,pending,AMER,2026-02-22T22:12:00Z
ORD-100476,CUST-00217,SKU-0039,12,262.73,3152.76,USD,paid,AMER,2026-03-01T12:12:00Z
ORD-100477,CUST-00425,SKU-0019,4,162.50,650.00,USD,paid,,2026-02-02T02:55:00Z
ORD-100478,CUST-00430,SKU-0024,4,482.17,1928.68,USD,paid,,2026-02-04T06:34:00Z
ORD-100479,CUST-00323,SKU-0024,6,447.93,2687.58,USD,pending,,2026-03-25T14:54:00Z
ORD-100480,CUST-00298,SKU-0032,9,437.49,3937.41,USD,pending,AMER,2026-02-02T06:09:00Z
ORD-100481,CUST-00444,SKU-0017,3,185.80,557.40,USD,cancelled,AMER,2026-03-14T02:03:00Z
ORD-100482,CUST-00253,SKU-0021,1,228.13,228.13,USD,paid,,2026-04-18T08:39:00Z
ORD-100483,CUST-00347,SKU-0014,12,481.26,5775.12,USD,paid,EMEA,2026-01-09T09:54:00Z
ORD-100484,CUST-00058,SKU-0017,5,306.39,1531.95,USD,paid,,2026-03-08T13:48:00Z
ORD-100485,CUST-00183,SKU-0009,9,284.81,2563.29,USD,paid,AMER,2026-01-19T02:58:00Z
ORD-100486,CUST-00105,SKU-0030,10,417.33,4173.30,USD,paid,AMER,2026-03-25T09:45:00Z
ORD-100487,CUST-00118,SKU-0038,6,188.35,1130.10,USD,paid,,2026-04-18T05:00:00Z
ORD-100488,CUST-00337,SKU-0035,6,478.34,2870.04,USD,paid,AMER,2026-03-05T23:55:00Z
ORD-100489,CUST-00425,SKU-0010,4,101.66,406.64,USD,paid,,2026-04-16T20:39:00Z
ORD-100490,CUST-00154,SKU-0033,1,74.43,74.43,USD,paid,EMEA,2026-04-20T20:55:00Z
ORD-100491,CUST-00029,SKU-0016,7,36.59,256.13,USD,paid,EMEA,2026-03-11T00:03:00Z
ORD-100492,CUST-00081,SKU-0002,9,204.57,1841.13,USD,paid,EMEA,2026-01-30T12:22:00Z
ORD-100493,CUST-00271,SKU-0013,4,272.36,1089.44,USD,paid,,2026-01-12T18:46:00Z
ORD-100494,CUST-00114,SKU-0015,11,35.47,390.17,USD,paid,EMEA,2026-04-17T23:03:00Z
ORD-100495,CUST-00313,SKU-0026,9,372.31,3350.79,USD,refunded,AMER,2026-03-27T17:28:00Z
ORD-100496,CUST-00037,SKU-0032,5,402.84,2014.20,USD,paid,LATAM,2026-02-28T13:47:00Z
ORD-100497,CUST-00063,SKU-0026,9,478.95,4310.55,USD,paid,,2026-03-31T19:57:00Z
ORD-100498,CUST-00392,SKU-0030,8,158.76,1270.08,USD,paid,AMER,2026-03-27T07:32:00Z
ORD-100499,CUST-00062,SKU-0034,7,264.29,1850.03,USD,paid,APAC,2026-03-20T20:12:00Z
